ID;Origem;Modal;Segmento
2437814;AutoCadastro;MOTORCYCLE;Fiel
1320521;AutoCadastro;MOTORCYCLE;Fiel
1038182;AutoCadastro;MOTORCYCLE;Fiel
628449;AutoCadastro;MOTORCYCLE;Fiel
2463733;AutoCadastro;CAR;Desistiu
1787219;AutoCadastro;MOTORCYCLE;Fiel
7727;EmpresaParceira;BIKE;Desistiu
1047871;AutoCadastro;BIKE;Desistiu
507082;AutoCadastro;MOTORCYCLE;Fiel
1154;EmpresaParceira;CAR;Desistiu
76231;AutoCadastro;MOTORCYCLE;Novo
8653598;EmpresaParceira;BIKE;Novo
1293929;AutoCadastro;MOTORCYCLE;Desistiu
111219;AutoCadastro;MOTORCYCLE;Fiel
907;EmpresaParceira;BIKE;Novo
1093532;AutoCadastro;MOTORCYCLE;Desistiu
1712748;EmpresaParceira;BIKE;Novo
73865;AutoCadastro;MOTORCYCLE;Desistiu
2700890;AutoCadastro;MOTORCYCLE;Desistiu
6797;EmpresaParceira;BIKE;Novo
2684843;EmpresaParceira;CAR;Desistiu
2211376;EmpresaParceira;MOTORCYCLE;Fiel
279260;AutoCadastro;MOTORCYCLE;Fiel
1567211;AutoCadastro;BIKE;Desistiu
5884109;EmpresaParceira;BIKE;Novo
93498;AutoCadastro;MOTORCYCLE;Desistiu
136;EmpresaParceira;CAR;Desistiu
490484;EmpresaParceira;MOTORCYCLE;Desistiu
2600907;EmpresaParceira;CAR;Desistiu
588966;AutoCadastro;MOTORCYCLE;Fiel
426224;AutoCadastro;MOTORCYCLE;Fiel
36987;EmpresaParceira;MOTORCYCLE;Desistiu
1961217;EmpresaParceira;MOTORCYCLE;Fiel
708898;AutoCadastro;BIKE;Novo
1252058;AutoCadastro;MOTORCYCLE;Fiel
1344755;AutoCadastro;MOTORCYCLE;Fiel
2665765;EmpresaParceira;MOTORCYCLE;Fiel
5238;EmpresaParceira;BIKE;Desistiu
673353;AutoCadastro;BIKE;Novo
132760;EmpresaParceira;MOTORCYCLE;Fiel
44818;AutoCadastro;MOTORCYCLE;Fiel
2557376;AutoCadastro;MOTORCYCLE;Fiel
2490643;EmpresaParceira;MOTORCYCLE;Fiel
261372;EmpresaParceira;MOTORCYCLE;Desistiu
136791;AutoCadastro;MOTORCYCLE;Fiel
291280;AutoCadastro;MOTORCYCLE;Desistiu
1640301;AutoCadastro;MOTORCYCLE;Fiel
369478;EmpresaParceira;MOTORCYCLE;Fiel
1794660;AutoCadastro;MOTORCYCLE;Desistiu
1035535;AutoCadastro;MOTORCYCLE;Fiel
2214028;EmpresaParceira;MOTORCYCLE;Fiel
5294757;EmpresaParceira;CAR;Desistiu
1097366;AutoCadastro;BIKE;Desistiu
1613320;AutoCadastro;BIKE;Desistiu
1356726;AutoCadastro;MOTORCYCLE;Desistiu
2241343;AutoCadastro;CAR;Novo
2324997;EmpresaParceira;MOTORCYCLE;Fiel
1330811;EmpresaParceira;BIKE;Novo
581941;EmpresaParceira;CAR;Desistiu
1083758;EmpresaParceira;MOTORCYCLE;Fiel
1814840;AutoCadastro;MOTORCYCLE;Desistiu
3266;EmpresaParceira;BIKE;Novo
5968;EmpresaParceira;BIKE;Novo
5456;EmpresaParceira;CAR;Desistiu
1824527;AutoCadastro;BIKE;Desistiu
100881;EmpresaParceira;MOTORCYCLE;Fiel
1299320;EmpresaParceira;MOTORCYCLE;Desistiu
2546841;EmpresaParceira;BIKE;Novo
106053;AutoCadastro;MOTORCYCLE;Desistiu
1525537;AutoCadastro;MOTORCYCLE;Desistiu
1870577;AutoCadastro;CAR;Desistiu
1039578;EmpresaParceira;MOTORCYCLE;Fiel
134898;AutoCadastro;MOTORCYCLE;Fiel
1591302;AutoCadastro;BIKE;Desistiu
5568172;EmpresaParceira;BIKE;Desistiu
47109;EmpresaParceira;MOTORCYCLE;Fiel
2684040;AutoCadastro;MOTORCYCLE;Fiel
50212;AutoCadastro;MOTORCYCLE;Desistiu
763553;AutoCadastro;BIKE;Desistiu
2126078;AutoCadastro;BIKE;Novo
563;EmpresaParceira;CAR;Desistiu
2036713;EmpresaParceira;MOTORCYCLE;Novo
1240367;AutoCadastro;MOTORCYCLE;Desistiu
3209;EmpresaParceira;BIKE;Novo
551340;EmpresaParceira;BIKE;Novo
4772;EmpresaParceira;CAR;Desistiu
1814594;EmpresaParceira;MOTORCYCLE;Desistiu
1904816;EmpresaParceira;MOTORCYCLE;Fiel
2471057;EmpresaParceira;MOTORCYCLE;Fiel
1314850;AutoCadastro;MOTORCYCLE;Fiel
943688;EmpresaParceira;MOTORCYCLE;Fiel
211364;EmpresaParceira;MOTORCYCLE;Desistiu
190552;EmpresaParceira;MOTORCYCLE;Fiel
3999;EmpresaParceira;BIKE;Novo
614598;AutoCadastro;MOTORCYCLE;Fiel
1204110;AutoCadastro;MOTORCYCLE;Desistiu
912475;EmpresaParceira;MOTORCYCLE;Fiel
646209;AutoCadastro;BIKE;Novo
541198;AutoCadastro;MOTORCYCLE;Desistiu
1503687;AutoCadastro;MOTORCYCLE;Desistiu
138664;AutoCadastro;MOTORCYCLE;Fiel
76575;AutoCadastro;MOTORCYCLE;Fiel
2490163;AutoCadastro;CAR;Desistiu
96192;AutoCadastro;MOTORCYCLE;Desistiu
1151040;AutoCadastro;MOTORCYCLE;Desistiu
424444;AutoCadastro;MOTORCYCLE;Desistiu
7631;EmpresaParceira;BIKE;Desistiu
1068;EmpresaParceira;MOTORCYCLE;Fiel
914375;AutoCadastro;BIKE;Desistiu
65727;AutoCadastro;MOTORCYCLE;Desistiu
2095873;AutoCadastro;MOTORCYCLE;Fiel
1365900;AutoCadastro;MOTORCYCLE;Fiel
1575178;EmpresaParceira;MOTORCYCLE;Fiel
1677908;EmpresaParceira;MOTORCYCLE;Novo
4305512;EmpresaParceira;BIKE;Novo
864508;AutoCadastro;MOTORCYCLE;Fiel
358499;AutoCadastro;BIKE;Desistiu
94500;AutoCadastro;MOTORCYCLE;Desistiu
9778;EmpresaParceira;CAR;Desistiu
585516;EmpresaParceira;MOTORCYCLE;Novo
6304;EmpresaParceira;BIKE;Novo
253359;AutoCadastro;MOTORCYCLE;Desistiu
2145604;EmpresaParceira;BIKE;Desistiu
8886890;EmpresaParceira;BIKE;Novo
1769609;AutoCadastro;MOTORCYCLE;Fiel
387580;EmpresaParceira;MOTORCYCLE;Desistiu
1898929;AutoCadastro;MOTORCYCLE;Desistiu
1463102;AutoCadastro;MOTORCYCLE;Fiel
101270;AutoCadastro;MOTORCYCLE;Fiel
2024012;EmpresaParceira;MOTORCYCLE;Fiel
2266761;AutoCadastro;BIKE;Novo
897093;AutoCadastro;MOTORCYCLE;Desistiu
963095;AutoCadastro;MOTORCYCLE;Desistiu
1487760;EmpresaParceira;MOTORCYCLE;Fiel
2735284;EmpresaParceira;CAR;Desistiu
1160571;AutoCadastro;MOTORCYCLE;Fiel
124;EmpresaParceira;BIKE;Novo
534015;EmpresaParceira;MOTORCYCLE;Fiel
209564;EmpresaParceira;MOTORCYCLE;Fiel
587354;AutoCadastro;BIKE;Novo
2666982;EmpresaParceira;MOTORCYCLE;Fiel
1151576;EmpresaParceira;MOTORCYCLE;Fiel
814284;EmpresaParceira;MOTORCYCLE;Fiel
1133990;EmpresaParceira;BIKE;Novo
2272179;AutoCadastro;MOTORCYCLE;Fiel
2278399;EmpresaParceira;MOTORCYCLE;Novo
7852;EmpresaParceira;BIKE;Novo
1506475;AutoCadastro;BIKE;Desistiu
156310;AutoCadastro;MOTORCYCLE;Fiel
1187;EmpresaParceira;BIKE;Novo
1066036;AutoCadastro;BIKE;Novo
4367920;EmpresaParceira;CAR;Desistiu
1082805;AutoCadastro;BIKE;Desistiu
1360;EmpresaParceira;CAR;Desistiu
3315779;EmpresaParceira;CAR;Desistiu
8913;EmpresaParceira;BIKE;Desistiu
4476643;EmpresaParceira;BIKE;Desistiu
8064;EmpresaParceira;BIKE;Novo
4550;EmpresaParceira;BIKE;Novo
1385732;AutoCadastro;BIKE;Novo
587892;AutoCadastro;BIKE;Desistiu
1514192;EmpresaParceira;MOTORCYCLE;Desistiu
486464;AutoCadastro;MOTORCYCLE;Fiel
1241494;AutoCadastro;MOTORCYCLE;Fiel
1638439;AutoCadastro;BIKE;Novo
1365626;AutoCadastro;BIKE;Desistiu
620849;AutoCadastro;MOTORCYCLE;Fiel
819292;AutoCadastro;MOTORCYCLE;Desistiu
469702;AutoCadastro;MOTORCYCLE;Fiel
1989079;AutoCadastro;BIKE;Novo
95056;EmpresaParceira;MOTORCYCLE;Fiel
9006293;EmpresaParceira;BIKE;Novo
3454;EmpresaParceira;CAR;Desistiu
1533898;EmpresaParceira;MOTORCYCLE;Fiel
636486;AutoCadastro;MOTORCYCLE;Fiel
1450042;EmpresaParceira;MOTORCYCLE;Fiel
1862065;AutoCadastro;MOTORCYCLE;Desistiu
177;EmpresaParceira;BIKE;Novo
2079511;EmpresaParceira;MOTORCYCLE;Novo
2221018;EmpresaParceira;MOTORCYCLE;Fiel
2529679;AutoCadastro;MOTORCYCLE;Novo
2904845;EmpresaParceira;MOTORCYCLE;Novo
1497599;AutoCadastro;BIKE;Novo
2006307;EmpresaParceira;MOTORCYCLE;Fiel
587262;AutoCadastro;MOTORCYCLE;Fiel
1742554;AutoCadastro;BIKE;Desistiu
802541;AutoCadastro;BIKE;Novo
1041876;AutoCadastro;BIKE;Desistiu
293850;AutoCadastro;MOTORCYCLE;Fiel
8000;EmpresaParceira;BIKE;Novo
1234606;EmpresaParceira;BIKE;Novo
2684056;EmpresaParceira;MOTORCYCLE;Fiel
1913682;EmpresaParceira;MOTORCYCLE;Fiel
4332;EmpresaParceira;BIKE;Novo
2326752;AutoCadastro;MOTORCYCLE;Desistiu
4497;EmpresaParceira;BIKE;Novo
2072526;EmpresaParceira;MOTORCYCLE;Fiel
2666641;EmpresaParceira;BIKE;Novo
1293896;AutoCadastro;MOTORCYCLE;Desistiu
1226794;AutoCadastro;MOTORCYCLE;Fiel
1884923;AutoCadastro;MOTORCYCLE;Fiel
8192;EmpresaParceira;BIKE;Novo
1293879;EmpresaParceira;MOTORCYCLE;Fiel
296238;AutoCadastro;MOTORCYCLE;Fiel
356652;AutoCadastro;MOTORCYCLE;Fiel
9904973;EmpresaParceira;BIKE;Novo
501631;EmpresaParceira;MOTORCYCLE;Fiel
1128548;AutoCadastro;MOTORCYCLE;Desistiu
728853;EmpresaParceira;MOTORCYCLE;Fiel
893231;AutoCadastro;BIKE;Novo
2009899;EmpresaParceira;BIKE;Desistiu
2828751;EmpresaParceira;CAR;Novo
448063;AutoCadastro;MOTORCYCLE;Fiel
2250016;EmpresaParceira;BIKE;Novo
2006698;EmpresaParceira;CAR;Desistiu
528272;AutoCadastro;BIKE;Desistiu
659003;EmpresaParceira;MOTORCYCLE;Desistiu
817012;AutoCadastro;BIKE;Novo
2230951;AutoCadastro;MOTORCYCLE;Novo
4673101;EmpresaParceira;CAR;Desistiu
7468;EmpresaParceira;CAR;Desistiu
700514;EmpresaParceira;MOTORCYCLE;Fiel
112914;AutoCadastro;MOTORCYCLE;Desistiu
571464;AutoCadastro;MOTORCYCLE;Fiel
2027105;EmpresaParceira;MOTORCYCLE;Fiel
1304734;EmpresaParceira;CAR;Desistiu
2437808;AutoCadastro;MOTORCYCLE;Fiel
1149393;EmpresaParceira;BIKE;Novo
37457;AutoCadastro;MOTORCYCLE;Fiel
2449748;AutoCadastro;MOTORCYCLE;Desistiu
345989;AutoCadastro;BIKE;Novo
906700;AutoCadastro;BIKE;Desistiu
2411351;AutoCadastro;MOTORCYCLE;Novo
1863543;AutoCadastro;BIKE;Novo
2632163;EmpresaParceira;MOTORCYCLE;Fiel
1575056;EmpresaParceira;MOTORCYCLE;Desistiu
340660;AutoCadastro;MOTORCYCLE;Fiel
1200236;AutoCadastro;MOTORCYCLE;Desistiu
1859605;EmpresaParceira;MOTORCYCLE;Desistiu
90563;AutoCadastro;MOTORCYCLE;Fiel
511721;AutoCadastro;MOTORCYCLE;Fiel
2619336;AutoCadastro;MOTORCYCLE;Fiel
2133272;EmpresaParceira;MOTORCYCLE;Desistiu
1355795;AutoCadastro;MOTORCYCLE;Fiel
1195740;AutoCadastro;MOTORCYCLE;Desistiu
892407;EmpresaParceira;MOTORCYCLE;Fiel
191335;AutoCadastro;MOTORCYCLE;Desistiu
4155220;EmpresaParceira;BIKE;Novo
1601940;EmpresaParceira;MOTORCYCLE;Fiel
1227536;EmpresaParceira;MOTORCYCLE;Fiel
557824;EmpresaParceira;BIKE;Novo
58380;EmpresaParceira;MOTORCYCLE;Fiel
2040524;AutoCadastro;MOTORCYCLE;Desistiu
1848335;AutoCadastro;BIKE;Desistiu
895781;EmpresaParceira;MOTORCYCLE;Fiel
2764660;EmpresaParceira;MOTORCYCLE;Fiel
305353;AutoCadastro;MOTORCYCLE;Desistiu
216610;AutoCadastro;MOTORCYCLE;Desistiu
843612;AutoCadastro;MOTORCYCLE;Fiel
1212910;AutoCadastro;MOTORCYCLE;Fiel
7509777;EmpresaParceira;BIKE;Novo
587920;AutoCadastro;MOTORCYCLE;Fiel
1673;EmpresaParceira;BIKE;Novo
7841430;EmpresaParceira;BIKE;Novo
1244867;EmpresaParceira;MOTORCYCLE;Fiel
2169158;EmpresaParceira;MOTORCYCLE;Fiel
1255484;AutoCadastro;BIKE;Desistiu
4413;EmpresaParceira;BIKE;Novo
1167449;AutoCadastro;MOTORCYCLE;Desistiu
2552437;AutoCadastro;MOTORCYCLE;Desistiu
2667670;AutoCadastro;MOTORCYCLE;Fiel
3333;EmpresaParceira;BIKE;Desistiu
939669;AutoCadastro;MOTORCYCLE;Fiel
1261055;AutoCadastro;MOTORCYCLE;Fiel
1145988;AutoCadastro;BIKE;Desistiu
2547472;AutoCadastro;MOTORCYCLE;Fiel
150178;EmpresaParceira;MOTORCYCLE;Fiel
440440;AutoCadastro;MOTORCYCLE;Desistiu
1741;EmpresaParceira;BIKE;Novo
452717;AutoCadastro;BIKE;Novo
372778;EmpresaParceira;BIKE;Novo
1847222;AutoCadastro;MOTORCYCLE;Desistiu
1738316;AutoCadastro;MOTORCYCLE;Desistiu
650811;EmpresaParceira;BIKE;Novo
1662791;AutoCadastro;BIKE;Novo
8424216;EmpresaParceira;CAR;Desistiu
2602021;EmpresaParceira;MOTORCYCLE;Fiel
1115;EmpresaParceira;BIKE;Novo
1094648;AutoCadastro;MOTORCYCLE;Fiel
8536;EmpresaParceira;MOTORCYCLE;Fiel
775815;AutoCadastro;MOTORCYCLE;Fiel
274966;AutoCadastro;MOTORCYCLE;Desistiu
2536676;EmpresaParceira;MOTORCYCLE;Fiel
804071;AutoCadastro;MOTORCYCLE;Desistiu
2747038;EmpresaParceira;BIKE;Novo
387343;AutoCadastro;CAR;Desistiu
425968;AutoCadastro;MOTORCYCLE;Desistiu
1079225;EmpresaParceira;MOTORCYCLE;Fiel
8728091;EmpresaParceira;CAR;Desistiu
541835;AutoCadastro;MOTORCYCLE;Desistiu
161619;AutoCadastro;MOTORCYCLE;Fiel
2353275;EmpresaParceira;CAR;Desistiu
594366;AutoCadastro;MOTORCYCLE;Fiel
485185;AutoCadastro;MOTORCYCLE;Fiel
1891011;EmpresaParceira;MOTORCYCLE;Novo
427761;EmpresaParceira;MOTORCYCLE;Fiel
1765359;AutoCadastro;BIKE;Desistiu
555605;AutoCadastro;MOTORCYCLE;Novo
1037634;AutoCadastro;MOTORCYCLE;Desistiu
2561764;EmpresaParceira;MOTORCYCLE;Novo
129033;AutoCadastro;MOTORCYCLE;Fiel
395359;EmpresaParceira;MOTORCYCLE;Fiel
1584894;AutoCadastro;BIKE;Desistiu
109063;AutoCadastro;MOTORCYCLE;Fiel
2462044;AutoCadastro;CAR;Desistiu
2988615;EmpresaParceira;CAR;Desistiu
199734;EmpresaParceira;MOTORCYCLE;Fiel
8329;EmpresaParceira;CAR;Desistiu
7679;EmpresaParceira;CAR;Desistiu
1201843;AutoCadastro;MOTORCYCLE;Desistiu
3069;EmpresaParceira;BIKE;Novo
886518;AutoCadastro;MOTORCYCLE;Desistiu
558464;AutoCadastro;MOTORCYCLE;Fiel
2494593;AutoCadastro;MOTORCYCLE;Fiel
2366952;EmpresaParceira;MOTORCYCLE;Desistiu
1089759;EmpresaParceira;MOTORCYCLE;Desistiu
930245;AutoCadastro;BIKE;Novo
1867606;AutoCadastro;MOTORCYCLE;Desistiu
1364771;AutoCadastro;BIKE;Novo
589821;AutoCadastro;MOTORCYCLE;Fiel
841;EmpresaParceira;BIKE;Novo
2164767;EmpresaParceira;CAR;Desistiu
1259381;AutoCadastro;MOTORCYCLE;Desistiu
509297;AutoCadastro;BIKE;Desistiu
654509;EmpresaParceira;MOTORCYCLE;Desistiu
1058119;EmpresaParceira;BIKE;Novo
2106401;AutoCadastro;MOTORCYCLE;Fiel
7598;EmpresaParceira;BIKE;Novo
824409;AutoCadastro;MOTORCYCLE;Desistiu
1041551;EmpresaParceira;MOTORCYCLE;Fiel
19889;AutoCadastro;MOTORCYCLE;Fiel
1570671;AutoCadastro;MOTORCYCLE;Desistiu
1859789;AutoCadastro;MOTORCYCLE;Fiel
602649;AutoCadastro;MOTORCYCLE;Fiel
460378;AutoCadastro;MOTORCYCLE;Fiel
4590014;EmpresaParceira;CAR;Desistiu
451573;EmpresaParceira;MOTORCYCLE;Fiel
887412;AutoCadastro;BIKE;Novo
9185;EmpresaParceira;BIKE;Novo
2217490;EmpresaParceira;MOTORCYCLE;Fiel
1526043;AutoCadastro;BIKE;Novo
1843118;EmpresaParceira;MOTORCYCLE;Novo
269741;AutoCadastro;MOTORCYCLE;Fiel
251218;EmpresaParceira;MOTORCYCLE;Fiel
3784;EmpresaParceira;CAR;Desistiu
1807779;AutoCadastro;BIKE;Novo
8140339;EmpresaParceira;BIKE;Novo
4454;EmpresaParceira;CAR;Desistiu
1104090;AutoCadastro;BIKE;Novo
3008674;EmpresaParceira;BIKE;Novo
1115718;EmpresaParceira;MOTORCYCLE;Fiel
1282071;AutoCadastro;MOTORCYCLE;Desistiu
2628065;EmpresaParceira;MOTORCYCLE;Novo
2657488;EmpresaParceira;MOTORCYCLE;Fiel
1085458;AutoCadastro;BIKE;Novo
1558216;AutoCadastro;MOTORCYCLE;Fiel
157259;EmpresaParceira;MOTORCYCLE;Desistiu
2377960;EmpresaParceira;MOTORCYCLE;Fiel
5120;EmpresaParceira;BIKE;Novo
217592;EmpresaParceira;MOTORCYCLE;Fiel
2707866;AutoCadastro;CAR;Desistiu
1812363;AutoCadastro;MOTORCYCLE;Novo
2797633;EmpresaParceira;MOTORCYCLE;Novo
602550;AutoCadastro;MOTORCYCLE;Fiel
413128;AutoCadastro;BIKE;Novo
13494;AutoCadastro;MOTORCYCLE;Desistiu
84261;EmpresaParceira;MOTORCYCLE;Fiel
8046;EmpresaParceira;BIKE;Novo
716737;AutoCadastro;MOTORCYCLE;Fiel
259;EmpresaParceira;CAR;Desistiu
180762;AutoCadastro;MOTORCYCLE;Desistiu
2843204;EmpresaParceira;MOTORCYCLE;Novo
1516383;AutoCadastro;BIKE;Novo
2816652;EmpresaParceira;MOTORCYCLE;Fiel
852398;AutoCadastro;MOTORCYCLE;Fiel
926645;AutoCadastro;MOTORCYCLE;Fiel
2687865;EmpresaParceira;MOTORCYCLE;Novo
65052;EmpresaParceira;MOTORCYCLE;Fiel
5654473;EmpresaParceira;BIKE;Novo
448550;AutoCadastro;BIKE;Novo
921376;AutoCadastro;MOTORCYCLE;Fiel
8626;EmpresaParceira;BIKE;Novo
1975720;EmpresaParceira;MOTORCYCLE;Fiel
1108315;AutoCadastro;MOTORCYCLE;Fiel
165647;AutoCadastro;MOTORCYCLE;Fiel
1306981;AutoCadastro;CAR;Desistiu
6693808;EmpresaParceira;CAR;Desistiu
708510;AutoCadastro;MOTORCYCLE;Fiel
583607;AutoCadastro;BIKE;Novo
2244808;EmpresaParceira;MOTORCYCLE;Fiel
244840;AutoCadastro;MOTORCYCLE;Desistiu
1942142;AutoCadastro;MOTORCYCLE;Fiel
584180;AutoCadastro;MOTORCYCLE;Fiel
457829;EmpresaParceira;BIKE;Novo
2378854;AutoCadastro;MOTORCYCLE;Novo
1345546;AutoCadastro;MOTORCYCLE;Fiel
1597528;AutoCadastro;MOTORCYCLE;Fiel
2318307;EmpresaParceira;MOTORCYCLE;Fiel
1171293;AutoCadastro;MOTORCYCLE;Fiel
816925;AutoCadastro;MOTORCYCLE;Fiel
2053429;AutoCadastro;MOTORCYCLE;Fiel
301298;AutoCadastro;MOTORCYCLE;Fiel
791562;AutoCadastro;MOTORCYCLE;Fiel
1522858;AutoCadastro;MOTORCYCLE;Fiel
1851932;AutoCadastro;BIKE;Novo
650342;AutoCadastro;MOTORCYCLE;Desistiu
370242;AutoCadastro;MOTORCYCLE;Fiel
8137;EmpresaParceira;BIKE;Novo
34554;AutoCadastro;MOTORCYCLE;Desistiu
1463874;AutoCadastro;MOTORCYCLE;Fiel
4876;EmpresaParceira;BIKE;Novo
1687916;AutoCadastro;BIKE;Novo
2271176;EmpresaParceira;MOTORCYCLE;Fiel
210020;AutoCadastro;MOTORCYCLE;Fiel
221;EmpresaParceira;BIKE;Novo
1582912;AutoCadastro;MOTORCYCLE;Fiel
433373;AutoCadastro;MOTORCYCLE;Fiel
922751;EmpresaParceira;MOTORCYCLE;Fiel
20990;AutoCadastro;MOTORCYCLE;Fiel
451571;AutoCadastro;MOTORCYCLE;Fiel
1092429;AutoCadastro;BIKE;Desistiu
2403381;AutoCadastro;MOTORCYCLE;Fiel
909829;AutoCadastro;MOTORCYCLE;Fiel
3876902;EmpresaParceira;CAR;Desistiu
4602702;EmpresaParceira;BIKE;Novo
902304;AutoCadastro;MOTORCYCLE;Fiel
1334930;AutoCadastro;BIKE;Novo
2242879;AutoCadastro;BIKE;Novo
21606;AutoCadastro;MOTORCYCLE;Fiel
7585;EmpresaParceira;BIKE;Novo
382445;AutoCadastro;MOTORCYCLE;Fiel
1928405;AutoCadastro;MOTORCYCLE;Fiel
929343;AutoCadastro;MOTORCYCLE;Fiel
6363;EmpresaParceira;BIKE;Novo
8197997;EmpresaParceira;BIKE;Novo
1964847;EmpresaParceira;BIKE;Desistiu
1953277;AutoCadastro;MOTORCYCLE;Novo
2145992;EmpresaParceira;MOTORCYCLE;Fiel
1936581;EmpresaParceira;MOTORCYCLE;Fiel
1910131;AutoCadastro;MOTORCYCLE;Fiel
535404;AutoCadastro;BIKE;Novo
236538;EmpresaParceira;MOTORCYCLE;Fiel
70012;AutoCadastro;MOTORCYCLE;Fiel
834712;AutoCadastro;MOTORCYCLE;Fiel
8413;EmpresaParceira;CAR;Desistiu
662191;AutoCadastro;MOTORCYCLE;Fiel
784474;AutoCadastro;MOTORCYCLE;Fiel
863091;AutoCadastro;MOTORCYCLE;Fiel
2189379;AutoCadastro;BIKE;Novo
892955;EmpresaParceira;MOTORCYCLE;Fiel
717402;EmpresaParceira;MOTORCYCLE;Fiel
2300;EmpresaParceira;BIKE;Desistiu
435307;AutoCadastro;BIKE;Novo
1568244;EmpresaParceira;MOTORCYCLE;Novo
1463985;AutoCadastro;MOTORCYCLE;Desistiu
1809446;EmpresaParceira;BIKE;Novo
2060635;AutoCadastro;MOTORCYCLE;Desistiu
6993345;EmpresaParceira;CAR;Desistiu
2166908;EmpresaParceira;BIKE;Fiel
2495725;AutoCadastro;MOTORCYCLE;Fiel
818621;AutoCadastro;MOTORCYCLE;Desistiu
1764942;EmpresaParceira;BIKE;Fiel
1863558;AutoCadastro;BIKE;Fiel
1787109;EmpresaParceira;MOTORCYCLE;Fiel
1165080;AutoCadastro;CAR;Desistiu
177144;AutoCadastro;MOTORCYCLE;Fiel
1211759;EmpresaParceira;MOTORCYCLE;Fiel
527148;AutoCadastro;MOTORCYCLE;Fiel
236628;AutoCadastro;MOTORCYCLE;Desistiu
927669;AutoCadastro;MOTORCYCLE;Fiel
1619;EmpresaParceira;CAR;Desistiu
133990;AutoCadastro;MOTORCYCLE;Desistiu
2174811;AutoCadastro;MOTORCYCLE;Fiel
609512;AutoCadastro;BIKE;Fiel
662330;EmpresaParceira;MOTORCYCLE;Fiel
6704236;EmpresaParceira;CAR;Desistiu
1635473;AutoCadastro;BIKE;Fiel
951926;AutoCadastro;MOTORCYCLE;Fiel
602490;AutoCadastro;MOTORCYCLE;Fiel
1371001;AutoCadastro;BIKE;Fiel
241333;EmpresaParceira;MOTORCYCLE;Fiel
2383229;EmpresaParceira;BIKE;Fiel
4335;EmpresaParceira;BIKE;Fiel
733654;AutoCadastro;MOTORCYCLE;Desistiu
1177485;EmpresaParceira;MOTORCYCLE;Fiel
960359;EmpresaParceira;MOTORCYCLE;Fiel
3660;EmpresaParceira;CAR;Desistiu
2067461;AutoCadastro;CAR;Novo
2456500;AutoCadastro;BIKE;Fiel
584619;AutoCadastro;MOTORCYCLE;Fiel
2217080;AutoCadastro;MOTORCYCLE;Desistiu
1297119;AutoCadastro;BIKE;Desistiu
1873616;EmpresaParceira;BIKE;Fiel
2771970;AutoCadastro;MOTORCYCLE;Novo
427671;AutoCadastro;MOTORCYCLE;Desistiu
570949;AutoCadastro;MOTORCYCLE;Fiel
1771517;AutoCadastro;MOTORCYCLE;Fiel
1882808;AutoCadastro;MOTORCYCLE;Fiel
489046;EmpresaParceira;MOTORCYCLE;Fiel
1179234;AutoCadastro;MOTORCYCLE;Fiel
2336738;AutoCadastro;MOTORCYCLE;Fiel
468819;AutoCadastro;BIKE;Fiel
389021;AutoCadastro;MOTORCYCLE;Fiel
2150473;EmpresaParceira;MOTORCYCLE;Fiel
2808;EmpresaParceira;BIKE;Fiel
2640077;EmpresaParceira;BIKE;Novo
208419;AutoCadastro;MOTORCYCLE;Fiel
546679;AutoCadastro;BIKE;Fiel
967;EmpresaParceira;CAR;Desistiu
835781;AutoCadastro;MOTORCYCLE;Fiel
846061;AutoCadastro;MOTORCYCLE;Fiel
2662152;EmpresaParceira;BIKE;Fiel
4316756;EmpresaParceira;BIKE;Fiel
5278;EmpresaParceira;BIKE;Fiel
647241;AutoCadastro;BIKE;Fiel
2693156;EmpresaParceira;CAR;Desistiu
221039;AutoCadastro;MOTORCYCLE;Fiel
275888;EmpresaParceira;MOTORCYCLE;Desistiu
6823;EmpresaParceira;CAR;Desistiu
2629446;EmpresaParceira;MOTORCYCLE;Fiel
784;EmpresaParceira;BIKE;Fiel
2622992;EmpresaParceira;MOTORCYCLE;Fiel
62999;AutoCadastro;MOTORCYCLE;Fiel
3333;EmpresaParceira;BIKE;Fiel
6642;EmpresaParceira;BIKE;Fiel
521255;AutoCadastro;MOTORCYCLE;Fiel
1143326;AutoCadastro;BIKE;Fiel
1457124;AutoCadastro;MOTORCYCLE;Desistiu
1230324;AutoCadastro;MOTORCYCLE;Fiel
503692;AutoCadastro;BIKE;Fiel
822247;AutoCadastro;MOTORCYCLE;Fiel
1740815;AutoCadastro;MOTORCYCLE;Fiel
4307;EmpresaParceira;BIKE;Fiel
1583700;AutoCadastro;MOTORCYCLE;Fiel
580654;AutoCadastro;BIKE;Novo
1995521;AutoCadastro;MOTORCYCLE;Fiel
1605982;AutoCadastro;CAR;Desistiu
568333;AutoCadastro;MOTORCYCLE;Desistiu
5899;EmpresaParceira;BIKE;Fiel
1187197;EmpresaParceira;MOTORCYCLE;Fiel
2296379;AutoCadastro;MOTORCYCLE;Fiel
955871;AutoCadastro;MOTORCYCLE;Fiel
85748;AutoCadastro;MOTORCYCLE;Fiel
604;EmpresaParceira;BIKE;Fiel
231018;AutoCadastro;MOTORCYCLE;Fiel
76293;AutoCadastro;MOTORCYCLE;Fiel
1344571;AutoCadastro;MOTORCYCLE;Novo
2263410;AutoCadastro;MOTORCYCLE;Fiel
8189423;EmpresaParceira;BIKE;Fiel
1797928;EmpresaParceira;MOTORCYCLE;Fiel
1239525;AutoCadastro;MOTORCYCLE;Fiel
6448470;EmpresaParceira;BIKE;Fiel
584685;AutoCadastro;CAR;Desistiu
411760;AutoCadastro;MOTORCYCLE;Fiel
2812261;AutoCadastro;MOTORCYCLE;Fiel
8674;EmpresaParceira;CAR;Desistiu
820515;EmpresaParceira;MOTORCYCLE;Fiel
6523029;EmpresaParceira;BIKE;Fiel
1188056;AutoCadastro;MOTORCYCLE;Fiel
871418;AutoCadastro;MOTORCYCLE;Fiel
1931235;AutoCadastro;BIKE;Novo
1108345;AutoCadastro;MOTORCYCLE;Fiel
592994;AutoCadastro;BIKE;Fiel
1231384;AutoCadastro;MOTORCYCLE;Fiel
1551342;EmpresaParceira;MOTORCYCLE;Fiel
1272822;EmpresaParceira;MOTORCYCLE;Fiel
190041;AutoCadastro;MOTORCYCLE;Fiel
1263992;EmpresaParceira;BIKE;Fiel
686;EmpresaParceira;BIKE;Novo
2723381;AutoCadastro;BIKE;Novo
377112;AutoCadastro;MOTORCYCLE;Fiel
2900;EmpresaParceira;BIKE;Novo
1309903;AutoCadastro;MOTORCYCLE;Desistiu
519552;EmpresaParceira;MOTORCYCLE;Fiel
1585224;AutoCadastro;BIKE;Fiel
2296156;EmpresaParceira;MOTORCYCLE;Fiel
3972;AutoCadastro;MOTORCYCLE;Fiel
2273236;AutoCadastro;MOTORCYCLE;Fiel
906218;EmpresaParceira;MOTORCYCLE;Fiel
1868887;AutoCadastro;CAR;Fiel
2099210;EmpresaParceira;MOTORCYCLE;Fiel
496985;AutoCadastro;MOTORCYCLE;Novo
759911;AutoCadastro;BIKE;Novo
1862652;EmpresaParceira;BIKE;Fiel
2008617;AutoCadastro;MOTORCYCLE;Fiel
43770;AutoCadastro;BIKE;Fiel
1326994;AutoCadastro;BIKE;Fiel
1076562;EmpresaParceira;BIKE;Fiel
2731282;EmpresaParceira;MOTORCYCLE;Fiel
179789;AutoCadastro;MOTORCYCLE;Fiel
2604376;EmpresaParceira;MOTORCYCLE;Fiel
932333;AutoCadastro;MOTORCYCLE;Fiel
2440976;AutoCadastro;MOTORCYCLE;Novo
1886327;AutoCadastro;MOTORCYCLE;Fiel
9441192;EmpresaParceira;CAR;Fiel
9762;EmpresaParceira;BIKE;Fiel
221807;EmpresaParceira;MOTORCYCLE;Fiel
1499655;EmpresaParceira;MOTORCYCLE;Fiel
169167;EmpresaParceira;MOTORCYCLE;Fiel
505134;AutoCadastro;MOTORCYCLE;Fiel
1233075;AutoCadastro;MOTORCYCLE;Fiel
1058204;EmpresaParceira;MOTORCYCLE;Novo
6270811;EmpresaParceira;BIKE;Fiel
42292;EmpresaParceira;CAR;Fiel
8097;EmpresaParceira;BIKE;Fiel
1737335;EmpresaParceira;BIKE;Fiel
3150;EmpresaParceira;BIKE;Fiel
560963;AutoCadastro;MOTORCYCLE;Fiel
2737386;AutoCadastro;MOTORCYCLE;Novo
3119560;EmpresaParceira;BIKE;Fiel
559256;AutoCadastro;MOTORCYCLE;Fiel
9499;EmpresaParceira;BIKE;Fiel
1486;EmpresaParceira;CAR;Fiel
478570;AutoCadastro;CAR;Fiel
7736284;EmpresaParceira;CAR;Fiel
1542846;AutoCadastro;BIKE;Novo
2849816;AutoCadastro;MOTORCYCLE;Novo
279983;AutoCadastro;MOTORCYCLE;Fiel
2692622;AutoCadastro;MOTORCYCLE;Novo
50029;EmpresaParceira;MOTORCYCLE;Novo
663141;AutoCadastro;MOTORCYCLE;Desistiu
581879;AutoCadastro;MOTORCYCLE;Desistiu
943123;EmpresaParceira;MOTORCYCLE;Fiel
1061986;AutoCadastro;MOTORCYCLE;Fiel
1103432;AutoCadastro;MOTORCYCLE;Fiel
277811;AutoCadastro;MOTORCYCLE;Fiel
6080566;EmpresaParceira;CAR;Fiel
6123;EmpresaParceira;BIKE;Fiel
203561;AutoCadastro;MOTORCYCLE;Fiel
1611395;AutoCadastro;MOTORCYCLE;Desistiu
1224889;AutoCadastro;MOTORCYCLE;Desistiu
262951;EmpresaParceira;MOTORCYCLE;Fiel
1194626;EmpresaParceira;MOTORCYCLE;Fiel
941307;EmpresaParceira;BIKE;Fiel
4599;EmpresaParceira;BIKE;Fiel
447450;AutoCadastro;MOTORCYCLE;Novo
441766;AutoCadastro;MOTORCYCLE;Fiel
408326;AutoCadastro;MOTORCYCLE;Novo
1595726;AutoCadastro;MOTORCYCLE;Fiel
1353951;AutoCadastro;BIKE;Fiel
4400017;EmpresaParceira;BIKE;Fiel
1485;EmpresaParceira;BIKE;Fiel
2651178;EmpresaParceira;MOTORCYCLE;Fiel
528037;AutoCadastro;MOTORCYCLE;Fiel
1990849;EmpresaParceira;MOTORCYCLE;Fiel
193837;EmpresaParceira;MOTORCYCLE;Fiel
2462972;AutoCadastro;MOTORCYCLE;Fiel
887864;EmpresaParceira;MOTORCYCLE;Fiel
702150;AutoCadastro;BIKE;Desistiu
1055911;EmpresaParceira;MOTORCYCLE;Novo
2191153;AutoCadastro;MOTORCYCLE;Fiel
1289697;AutoCadastro;BIKE;Novo
952697;EmpresaParceira;MOTORCYCLE;Fiel
2166879;AutoCadastro;MOTORCYCLE;Fiel
2527665;EmpresaParceira;CAR;Fiel
206497;AutoCadastro;MOTORCYCLE;Fiel
158433;AutoCadastro;MOTORCYCLE;Desistiu
1351966;AutoCadastro;BIKE;Desistiu
499;EmpresaParceira;CAR;Fiel
1286;AutoCadastro;MOTORCYCLE;Desistiu
616358;EmpresaParceira;MOTORCYCLE;Fiel
5252;EmpresaParceira;BIKE;Fiel
375287;EmpresaParceira;MOTORCYCLE;Desistiu
2600111;EmpresaParceira;MOTORCYCLE;Fiel
2052294;AutoCadastro;MOTORCYCLE;Novo
7865;EmpresaParceira;BIKE;Fiel
1309743;AutoCadastro;MOTORCYCLE;Desistiu
1257608;EmpresaParceira;MOTORCYCLE;Fiel
1243957;AutoCadastro;BIKE;Desistiu
4243635;EmpresaParceira;BIKE;Fiel
1198285;AutoCadastro;MOTORCYCLE;Fiel
4190;EmpresaParceira;CAR;Fiel
444221;AutoCadastro;MOTORCYCLE;Fiel
455029;EmpresaParceira;CAR;Fiel
2268117;AutoCadastro;MOTORCYCLE;Novo
2032848;EmpresaParceira;MOTORCYCLE;Fiel
1359863;AutoCadastro;MOTORCYCLE;Fiel
525028;AutoCadastro;MOTORCYCLE;Fiel
1051696;AutoCadastro;MOTORCYCLE;Novo
377021;AutoCadastro;MOTORCYCLE;Fiel
1854631;AutoCadastro;MOTORCYCLE;Fiel
968;EmpresaParceira;BIKE;Fiel
1648101;AutoCadastro;MOTORCYCLE;Fiel
5573;EmpresaParceira;BIKE;Fiel
2147597;AutoCadastro;MOTORCYCLE;Fiel
881403;AutoCadastro;MOTORCYCLE;Fiel
8701;EmpresaParceira;BIKE;Fiel
7857;EmpresaParceira;BIKE;Fiel
412182;EmpresaParceira;MOTORCYCLE;Fiel
541484;AutoCadastro;BIKE;Fiel
9156529;EmpresaParceira;CAR;Fiel
1823140;AutoCadastro;MOTORCYCLE;Novo
2180882;EmpresaParceira;MOTORCYCLE;Fiel
44181;EmpresaParceira;MOTORCYCLE;Fiel
158035;AutoCadastro;MOTORCYCLE;Fiel
2607550;AutoCadastro;MOTORCYCLE;Fiel
363650;EmpresaParceira;MOTORCYCLE;Fiel
1161997;EmpresaParceira;MOTORCYCLE;Fiel
1100199;EmpresaParceira;MOTORCYCLE;Fiel
204903;AutoCadastro;MOTORCYCLE;Desistiu
466257;AutoCadastro;MOTORCYCLE;Desistiu
2650009;EmpresaParceira;CAR;Fiel
2185716;AutoCadastro;MOTORCYCLE;Fiel
800293;AutoCadastro;MOTORCYCLE;Fiel
2603879;EmpresaParceira;MOTORCYCLE;Fiel
1077626;EmpresaParceira;MOTORCYCLE;Fiel
251650;AutoCadastro;MOTORCYCLE;Fiel
16;AutoCadastro;MOTORCYCLE;Desistiu
1497298;AutoCadastro;MOTORCYCLE;Fiel
2613928;EmpresaParceira;MOTORCYCLE;Fiel
1540153;AutoCadastro;MOTORCYCLE;Fiel
583431;EmpresaParceira;BIKE;Fiel
1197235;EmpresaParceira;BIKE;Novo
2773502;EmpresaParceira;MOTORCYCLE;Fiel
495384;EmpresaParceira;BIKE;Fiel
124515;AutoCadastro;MOTORCYCLE;Fiel
841097;EmpresaParceira;MOTORCYCLE;Fiel
1490;EmpresaParceira;CAR;Novo
160729;EmpresaParceira;MOTORCYCLE;Novo
3839;EmpresaParceira;CAR;Novo
1040092;AutoCadastro;MOTORCYCLE;Fiel
508945;EmpresaParceira;BIKE;Fiel
1478537;EmpresaParceira;MOTORCYCLE;Fiel
6668457;EmpresaParceira;BIKE;Fiel
1037951;AutoCadastro;MOTORCYCLE;Fiel
582955;EmpresaParceira;MOTORCYCLE;Fiel
1581125;EmpresaParceira;BIKE;Fiel
9749;EmpresaParceira;CAR;Novo
1861131;EmpresaParceira;MOTORCYCLE;Novo
647997;AutoCadastro;MOTORCYCLE;Novo
221484;EmpresaParceira;BIKE;Desistiu
1311792;AutoCadastro;MOTORCYCLE;Novo
1193319;AutoCadastro;MOTORCYCLE;Fiel
1206429;AutoCadastro;MOTORCYCLE;Novo
128284;AutoCadastro;BIKE;Fiel
1337958;AutoCadastro;MOTORCYCLE;Fiel
492850;EmpresaParceira;CAR;Novo
1167617;AutoCadastro;MOTORCYCLE;Fiel
7600;EmpresaParceira;CAR;Novo
349344;AutoCadastro;MOTORCYCLE;Fiel
2365699;AutoCadastro;MOTORCYCLE;Novo
179945;EmpresaParceira;BIKE;Novo
8888541;EmpresaParceira;BIKE;Fiel
2026234;EmpresaParceira;BIKE;Fiel
1228433;AutoCadastro;BIKE;Fiel
1218239;AutoCadastro;MOTORCYCLE;Fiel
110432;AutoCadastro;MOTORCYCLE;Fiel
918959;AutoCadastro;MOTORCYCLE;Fiel
2688028;AutoCadastro;MOTORCYCLE;Fiel
1509598;AutoCadastro;MOTORCYCLE;Fiel
2876657;EmpresaParceira;BIKE;Novo
23812;AutoCadastro;MOTORCYCLE;Novo
5967921;EmpresaParceira;BIKE;Novo
1349754;AutoCadastro;BIKE;Fiel
1324848;AutoCadastro;MOTORCYCLE;Fiel
614108;AutoCadastro;MOTORCYCLE;Fiel
1635505;AutoCadastro;MOTORCYCLE;Fiel
9434;EmpresaParceira;CAR;Novo
2757574;EmpresaParceira;MOTORCYCLE;Novo
2270347;AutoCadastro;MOTORCYCLE;Fiel
2415824;AutoCadastro;MOTORCYCLE;Novo
2674409;EmpresaParceira;MOTORCYCLE;Novo
122022;AutoCadastro;MOTORCYCLE;Novo
872541;AutoCadastro;MOTORCYCLE;Fiel
745182;AutoCadastro;MOTORCYCLE;Fiel
252706;EmpresaParceira;MOTORCYCLE;Desistiu
2339545;EmpresaParceira;MOTORCYCLE;Novo
1742099;EmpresaParceira;CAR;Novo
148699;AutoCadastro;MOTORCYCLE;Fiel
2673606;AutoCadastro;MOTORCYCLE;Novo
3794829;AutoCadastro;BIKE;Fiel
608444;AutoCadastro;MOTORCYCLE;Novo
1475199;AutoCadastro;MOTORCYCLE;Fiel
7266966;EmpresaParceira;BIKE;Novo
5255708;AutoCadastro;BIKE;Fiel
2313645;EmpresaParceira;BIKE;Novo
69348;AutoCadastro;MOTORCYCLE;Novo
1219520;AutoCadastro;MOTORCYCLE;Fiel
2213574;AutoCadastro;MOTORCYCLE;Fiel
856400;EmpresaParceira;MOTORCYCLE;Novo
4656693;EmpresaParceira;BIKE;Novo
2476984;AutoCadastro;MOTORCYCLE;Fiel
1810311;AutoCadastro;MOTORCYCLE;Fiel
9419;EmpresaParceira;BIKE;Novo
1454608;AutoCadastro;MOTORCYCLE;Fiel
473874;AutoCadastro;MOTORCYCLE;Novo
2008973;AutoCadastro;BIKE;Novo
579174;AutoCadastro;BIKE;Novo
1510684;AutoCadastro;MOTORCYCLE;Fiel
936844;AutoCadastro;BIKE;Novo
7302289;EmpresaParceira;BIKE;Novo
303019;AutoCadastro;MOTORCYCLE;Fiel
1298820;AutoCadastro;MOTORCYCLE;Novo
2701985;EmpresaParceira;MOTORCYCLE;Novo
348225;AutoCadastro;MOTORCYCLE;Novo
1134225;AutoCadastro;MOTORCYCLE;Fiel
922409;EmpresaParceira;MOTORCYCLE;Novo
1463794;AutoCadastro;MOTORCYCLE;Desistiu
2778080;EmpresaParceira;MOTORCYCLE;Novo
921036;AutoCadastro;BIKE;Fiel
9106741;AutoCadastro;BIKE;Fiel
412769;AutoCadastro;BIKE;Novo
401462;AutoCadastro;BIKE;Fiel
1079821;AutoCadastro;MOTORCYCLE;Desistiu
1889635;AutoCadastro;BIKE;Novo
9356;EmpresaParceira;CAR;Novo
7410630;EmpresaParceira;CAR;Novo
2086303;AutoCadastro;MOTORCYCLE;Fiel
1215178;AutoCadastro;MOTORCYCLE;Desistiu
2717384;AutoCadastro;CAR;Novo
1932181;EmpresaParceira;MOTORCYCLE;Novo
3028;EmpresaParceira;CAR;Novo
172505;AutoCadastro;BIKE;Novo
329238;AutoCadastro;CAR;Desistiu
8176194;EmpresaParceira;CAR;Novo
1157730;EmpresaParceira;CAR;Novo
1262696;AutoCadastro;MOTORCYCLE;Novo
599668;AutoCadastro;MOTORCYCLE;Desistiu
1177843;AutoCadastro;MOTORCYCLE;Novo
1201137;AutoCadastro;MOTORCYCLE;Desistiu
1492238;AutoCadastro;MOTORCYCLE;Fiel
1130833;AutoCadastro;MOTORCYCLE;Fiel
4636;EmpresaParceira;BIKE;Novo
2123491;AutoCadastro;MOTORCYCLE;Fiel
626191;AutoCadastro;MOTORCYCLE;Novo
6289;AutoCadastro;BIKE;Fiel
866395;AutoCadastro;MOTORCYCLE;Fiel
1463700;EmpresaParceira;MOTORCYCLE;Novo
122890;AutoCadastro;MOTORCYCLE;Desistiu
520394;AutoCadastro;BIKE;Fiel
208809;AutoCadastro;MOTORCYCLE;Fiel
1211789;AutoCadastro;BIKE;Fiel
8483931;EmpresaParceira;CAR;Novo
548571;AutoCadastro;MOTORCYCLE;Fiel
1513980;AutoCadastro;BIKE;Novo
1171458;AutoCadastro;MOTORCYCLE;Desistiu
7185264;AutoCadastro;BIKE;Fiel
1245402;AutoCadastro;MOTORCYCLE;Fiel
21482;EmpresaParceira;MOTORCYCLE;Novo
557661;AutoCadastro;MOTORCYCLE;Desistiu
1826812;AutoCadastro;MOTORCYCLE;Fiel
6260425;EmpresaParceira;BIKE;Novo
2059172;EmpresaParceira;MOTORCYCLE;Novo
2771;EmpresaParceira;CAR;Novo
164590;AutoCadastro;MOTORCYCLE;Desistiu
6395639;AutoCadastro;BIKE;Fiel
791288;AutoCadastro;MOTORCYCLE;Fiel
2568097;AutoCadastro;MOTORCYCLE;Fiel
1587721;AutoCadastro;MOTORCYCLE;Fiel
875210;AutoCadastro;BIKE;Fiel
184243;AutoCadastro;MOTORCYCLE;Fiel
2736620;AutoCadastro;MOTORCYCLE;Fiel
2559338;EmpresaParceira;BIKE;Novo
5459576;EmpresaParceira;CAR;Novo
3254419;EmpresaParceira;CAR;Novo
1289410;AutoCadastro;MOTORCYCLE;Fiel
2731974;EmpresaParceira;MOTORCYCLE;Novo
8799540;AutoCadastro;BIKE;Fiel
1277329;EmpresaParceira;BIKE;Novo
58609;AutoCadastro;MOTORCYCLE;Fiel
9122848;AutoCadastro;BIKE;Fiel
1515552;EmpresaParceira;MOTORCYCLE;Novo
1960616;AutoCadastro;MOTORCYCLE;Fiel
833110;AutoCadastro;BIKE;Novo
7558;AutoCadastro;BIKE;Fiel
1336062;AutoCadastro;MOTORCYCLE;Novo
9645;EmpresaParceira;BIKE;Novo
23081;AutoCadastro;MOTORCYCLE;Novo
421817;EmpresaParceira;MOTORCYCLE;Novo
2525245;EmpresaParceira;MOTORCYCLE;Novo
4821126;AutoCadastro;BIKE;Fiel
2479964;AutoCadastro;MOTORCYCLE;Fiel
615868;AutoCadastro;MOTORCYCLE;Novo
494001;AutoCadastro;MOTORCYCLE;Fiel
104932;AutoCadastro;MOTORCYCLE;Fiel
679323;AutoCadastro;MOTORCYCLE;Fiel
350037;AutoCadastro;BIKE;Novo
824781;AutoCadastro;MOTORCYCLE;Fiel
2353674;EmpresaParceira;MOTORCYCLE;Novo
1988038;AutoCadastro;MOTORCYCLE;Novo
6105754;EmpresaParceira;CAR;Novo
2750207;AutoCadastro;MOTORCYCLE;Novo
1776732;AutoCadastro;MOTORCYCLE;Fiel
1200051;AutoCadastro;MOTORCYCLE;Fiel
2255829;AutoCadastro;BIKE;Novo
371244;AutoCadastro;MOTORCYCLE;Fiel
592944;AutoCadastro;MOTORCYCLE;Fiel
4131101;EmpresaParceira;CAR;Novo
1623;EmpresaParceira;BIKE;Novo
1486083;AutoCadastro;MOTORCYCLE;Novo
401147;EmpresaParceira;MOTORCYCLE;Novo
615495;AutoCadastro;MOTORCYCLE;Fiel
1101261;AutoCadastro;BIKE;Desistiu
437397;AutoCadastro;MOTORCYCLE;Fiel
1649850;AutoCadastro;MOTORCYCLE;Novo
1973196;AutoCadastro;MOTORCYCLE;Novo
462859;AutoCadastro;MOTORCYCLE;Fiel
2171197;AutoCadastro;MOTORCYCLE;Fiel
128289;AutoCadastro;MOTORCYCLE;Novo
884;EmpresaParceira;BIKE;Novo
847430;AutoCadastro;MOTORCYCLE;Novo
5160577;AutoCadastro;BIKE;Fiel
2538153;AutoCadastro;MOTORCYCLE;Novo
713947;AutoCadastro;MOTORCYCLE;Fiel
2556;AutoCadastro;MOTORCYCLE;Fiel
3137798;AutoCadastro;BIKE;Fiel
545;AutoCadastro;BIKE;Fiel
2013384;AutoCadastro;MOTORCYCLE;Novo
72898;AutoCadastro;MOTORCYCLE;Fiel
855;EmpresaParceira;CAR;Novo
2322980;EmpresaParceira;BIKE;Novo
6420005;AutoCadastro;BIKE;Fiel
1174574;AutoCadastro;MOTORCYCLE;Fiel
104172;AutoCadastro;MOTORCYCLE;Desistiu
5613599;EmpresaParceira;BIKE;Novo
1149;EmpresaParceira;CAR;Novo
1521405;AutoCadastro;MOTORCYCLE;Desistiu
6685;EmpresaParceira;BIKE;Novo
9803;EmpresaParceira;BIKE;Desistiu
721;EmpresaParceira;CAR;Novo
810672;AutoCadastro;MOTORCYCLE;Fiel
6499097;EmpresaParceira;BIKE;Novo
1388315;AutoCadastro;MOTORCYCLE;Novo
1122085;AutoCadastro;BIKE;Novo
3518;EmpresaParceira;BIKE;Novo
1482040;AutoCadastro;BIKE;Desistiu
6551190;EmpresaParceira;CAR;Novo
539881;AutoCadastro;MOTORCYCLE;Fiel
820558;AutoCadastro;CAR;Novo
1592898;AutoCadastro;MOTORCYCLE;Fiel
1307821;AutoCadastro;BIKE;Fiel
952856;AutoCadastro;BIKE;Fiel
969079;AutoCadastro;MOTORCYCLE;Fiel
359568;AutoCadastro;BIKE;Fiel
414946;AutoCadastro;MOTORCYCLE;Fiel
2811647;AutoCadastro;CAR;Novo
1564557;AutoCadastro;MOTORCYCLE;Fiel
364054;AutoCadastro;MOTORCYCLE;Novo
2345967;AutoCadastro;MOTORCYCLE;Novo
2396404;EmpresaParceira;BIKE;Novo
1586647;AutoCadastro;MOTORCYCLE;Fiel
359015;EmpresaParceira;MOTORCYCLE;Novo
348848;AutoCadastro;MOTORCYCLE;Fiel
35284;AutoCadastro;MOTORCYCLE;Fiel
763179;AutoCadastro;MOTORCYCLE;Fiel
42888;AutoCadastro;BIKE;Fiel
1825508;AutoCadastro;MOTORCYCLE;Fiel
1827;AutoCadastro;BIKE;Fiel
2314119;EmpresaParceira;CAR;Novo
141758;AutoCadastro;MOTORCYCLE;Fiel
49768;AutoCadastro;MOTORCYCLE;Fiel
9826825;EmpresaParceira;CAR;Novo
431537;AutoCadastro;MOTORCYCLE;Fiel
231089;AutoCadastro;MOTORCYCLE;Fiel
7660023;EmpresaParceira;BIKE;Novo
9786;EmpresaParceira;BIKE;Novo
349307;AutoCadastro;MOTORCYCLE;Fiel
2248710;AutoCadastro;MOTORCYCLE;Fiel
910811;AutoCadastro;BIKE;Fiel
1013897;EmpresaParceira;CAR;Novo
1945113;AutoCadastro;MOTORCYCLE;Novo
542568;AutoCadastro;MOTORCYCLE;Fiel
1527313;AutoCadastro;MOTORCYCLE;Novo
156640;AutoCadastro;BIKE;Fiel
512881;AutoCadastro;MOTORCYCLE;Novo
828503;AutoCadastro;MOTORCYCLE;Desistiu
150629;AutoCadastro;MOTORCYCLE;Desistiu
1520241;AutoCadastro;MOTORCYCLE;Fiel
732559;AutoCadastro;BIKE;Novo
35736;AutoCadastro;MOTORCYCLE;Fiel
7423;EmpresaParceira;CAR;Novo
1920893;AutoCadastro;MOTORCYCLE;Novo
9872502;AutoCadastro;BIKE;Fiel
543159;AutoCadastro;MOTORCYCLE;Novo
1185268;AutoCadastro;MOTORCYCLE;Novo
1259543;AutoCadastro;BIKE;Fiel
1285986;AutoCadastro;MOTORCYCLE;Novo
1236749;AutoCadastro;MOTORCYCLE;Fiel
436194;AutoCadastro;MOTORCYCLE;Novo
2772090;EmpresaParceira;MOTORCYCLE;Novo
627049;AutoCadastro;MOTORCYCLE;Fiel
2005089;AutoCadastro;CAR;Novo
6260656;AutoCadastro;BIKE;Fiel
9792295;EmpresaParceira;BIKE;Novo
526046;AutoCadastro;MOTORCYCLE;Fiel
515368;AutoCadastro;MOTORCYCLE;Fiel
1568503;AutoCadastro;BIKE;Novo
854767;AutoCadastro;MOTORCYCLE;Desistiu
243623;AutoCadastro;MOTORCYCLE;Fiel
1529853;AutoCadastro;MOTORCYCLE;Novo
